CompanyName,JobName,JobLocation,Link
CMS Distribution,Data Scientist,Dublin,https://www.glassdoor.co.in/partner/jobListing.htm?pos=101&ao=1110586&s=58&guid=000001802df31cf7a6c02ec04c3d1878&src=GD_JOB_AD&t=SR&vt=w&ea=1&cs=1_36096017&cb=1650038349387&jobListingId=1007660327086&cpc=9D57943915085C6D&jrtk=3-0-1g0mv679eq06f801-1g0mv679qgsri800-a82daecbff2e2aac--6NYlbfkN0CtUbUZlcQPLrDt9U_Q9QAzlpmMGqyILmpi95R-aMowXQuCxOIp7SIhedv40Qg3HGVHUsion0N2jGW26_FOdJccpwxMN6OItfik-icy37FdnFfeiU8dkbumBgIAQeMBkgNDhGusTOJZXXHQGb-TxUMYFSGKD7WS7DZQj27n16G0lyDtuXRePrHF2e_b-tMCPtVh-vByUVQfn0sWMCIBRCzfzB_B5NhkolXNdZShEl4NLmby39ysghqkzRwPQg8mLqZt38W7fiNr-rFcIS7WpnozMdRGl3xpNKZcD-rhQ50SsV_2KLlqgplMyMMsUMX4KJ1rcwkV2wpEuCswNyLU2gHhGsYpBOx1TvLTr2VAxMc3Pk1E2UURaK9n_XRVmahg9O8PN_WbsD-wZzQaDC1fV8sZXTYNnkMCJmWPRVcnzCl9fuLD2ep9etaRCK4W37cTSvjM8cwBdSU2IfmJCXJKAvxwO3HH7vvUiAftq9Ff6lPe8A%3D%3D
Indeed,Data Scientist - Product,Dublin,https://www.glassdoor.co.in/partner/jobListing.htm?pos=102&ao=1110586&s=58&guid=000001802df31cf7a6c02ec04c3d1878&src=GD_JOB_AD&t=SR&vt=w&cs=1_51d2bb2d&cb=1650038349387&jobListingId=1006860324527&cpc=CA5E2B5B7F82281C&jrtk=3-0-1g0mv679eq06f801-1g0mv679qgsri800-c4dc85acb2e690f1--6NYlbfkN0CrWF-zfB0gp0KRCjD-SIH-SO6PlqlEeiN2kNvBq61Ipxbr90jUtW5ygl204yf2B8tH3-J-z8EuusvFOmsW7ZeqOMqRlBgGxLDvBeKYhHHFrX2L_fsWeGbLlSUdzxBPkkxSntxfvf91fRvi3WRCaO6h2qbSjSA8_BqeRMZfFIsRIoShojxwIdt0ydQmg1jL0WWewQfJ1OW71zoisAbOBvHGdrarlcEXsGbh86bjlPp_aRa50unt52LKk2r-x_tTIk1bMft9tQoFlVvdn9-Ghyk1aUC-OkFI1NYy90rIYZjABBsQEFCVhHWzeliJhLkdUcbIMa3YWWY6cmElfnpICU-0tNQElxZCYrnwwBf1x9lzFWGuv2Su-XL4v43mUixkzt5uGNR1qGBQV6OWSk6mMNNL6WW8JWsypIDhbHUQX4lsD04MHOmfYpV5QsTcBZ9zHRvcYjCN8aETrAzkxSpVcOFDXy-CK0kgHXU%3D
UnitedHealth Group,Senior Data Scientist,Dublin,https://www.glassdoor.co.in/partner/jobListing.htm?pos=103&ao=1110586&s=58&guid=000001802df31cf7a6c02ec04c3d1878&src=GD_JOB_AD&t=SR&vt=w&cs=1_f9da0499&cb=1650038349387&jobListingId=1007789042834&cpc=8507CEB59E1C6AFB&jrtk=3-0-1g0mv679eq06f801-1g0mv679qgsri800-6aef6334a2fd73a7--6NYlbfkN0C8O9VKdOj_1Zh75e9_CvYhSsWVxS1Pvi5WUWhsf4w7FOqiBDV5gLd8v4eSvDSwRBICHIjwcUUqdlUHeqOAmA2BlVGwbyteMef-Z2vxoxSTmhHGlu2Petx34QucvTLG164axiS3tKdOw2TFuygCATrTm5xbt6QjIRn0BfFV7rRVbzsiDgsON1qHvuXybO3LLk5F4iQhPBp0T8BXkps39xOSZnBBPVy6g7DVPPP5SaUqqH6ssO85005USTjZLEvF89RHvNfT2PiN9RkAW4YFLdpyAn-uLcg3_DUUTsy45BmTQddZeDfgKtuWAcAJes1_ubtxR7918Zqgs2z7ChORlficpvX8uEAuA3sb3YvCgqvf8lD7e2sJPXJNkU-97ZM406rNGr6-vPAHgdCPs4xZHqb211PO7veu4S8PkzeCoHXAvQ%3D%3D
VT IoT,Data Scientist with Machine Learning experience,Glasnevin,https://www.glassdoor.co.in/partner/jobListing.htm?pos=104&ao=1110586&s=58&guid=000001802df31cf7a6c02ec04c3d1878&src=GD_JOB_AD&t=SR&vt=w&ea=1&cs=1_d3e80bbe&cb=1650038349388&jobListingId=1007785560214&cpc=56C4EA4A1A191A49&jrtk=3-0-1g0mv679eq06f801-1g0mv679qgsri800-9f0019a0ead732c9--6NYlbfkN0Bo3ndteMRI3AOyW_T-eeeTCKehfNhIQZ8OnMrjTL1mrLhUiH2EIMuzdrTDhp6C7s2Fu-rbdxfHn-8VZEqtBFy_UI3tUT3vpR69opzNIyPlOwnMVLPRoUbD4doex8439jX5DjX7PEmULp_fJ36udpTeSoki_FAw4weVL9NZoppXE07TZOm8gRpHJ1GxR8UPMcT_bTOLGig0sV1ZQKAqiLAHHriVKyyd7hESAiEjewNP6ep0rnS0OqWXbzVcppjNrJvA0E_HgjwkFJtCYuW0kfKUEGRcD_ZyqnJVKc5PJjhtCU-CURjMk31_67xAvbdJT2fdEcfI_mxC9psqHSP7rMabN94QWJ0FjEeKCo7P2VgGjtwMxVmvgcezqG6t0OGXa4guZucSh5uKnq6f__B8pUm-t3Hvl0fB-rzN1tpR44E9y9ds7Q3VlfpHTqM8C7Pnw5E6Kv_QkDo1VxyqPn4M2IhIsctx8IUKEiiax4vk4I8w0V7p4H6pogXu
Creme Global,Data Scientist/Statistical and Mathematical Modeller - Dublin 2,Ireland,https://www.glassdoor.co.in/partner/jobListing.htm?pos=105&ao=1110586&s=58&guid=000001802df31cf7a6c02ec04c3d1878&src=GD_JOB_AD&t=SR&vt=w&ea=1&cs=1_057c7c27&cb=1650038349388&jobListingId=1007743896664&cpc=FA84DF7EA1EC2398&jrtk=3-0-1g0mv679eq06f801-1g0mv679qgsri800-bfcbf91bdc555541--6NYlbfkN0Bhje4QMNFG89hR2p2OpkC0Tz2EzX3hUIUG2LV33MF6E_nOXqWJYvvsa_gv-qnfZN3cLkucGgip_tYjFFeotlamKMQl1AAYV0qbkOZVuEmA0iSjeR9GMJ1Q7yBOqaqPm8s00zecxD12Ul8vwdOJUvZA34Q4f9jFcp5S7qBhUczd8jWwu6guq_9FMevWRC_k5zTEtlc1DxDlnxmgsKa4V9XisoDuNVt5Derz6rV0hOwq3hiNAaRvca_nl1kR9QHsuOU5u5soqct4otqQqV9KV2s0ZXVRsq6C8UIao6l02LHfeEpCIo5S-DEXwO8PaQ6jY3psd5PctvJ0pzraCDVbPZiBcpOh19Tzzslr38okas2JvWaQgAziqD46N0zX8aPIaWQSJklaoSM2-JRWjcFpJPPjhcTjCUs1RImsSTl7G52swAvh8DIl92MHhWw_5eKz8JUckv9M8ZMarGgqXOX7gXaryEnbntUACKQ3mtvivQO11cJJbXSP5b6ffHNX4fRWWg6VUctpijuQE4ZwXaqJw-AmicP3ScWB2po%3D
Orcawise,NLP Innovation Program,Dublin,https://www.glassdoor.co.in/partner/jobListing.htm?pos=106&ao=1110586&s=58&guid=000001802df31cf7a6c02ec04c3d1878&src=GD_JOB_AD&t=SR&vt=w&ea=1&cs=1_22a4c645&cb=1650038349388&jobListingId=1007730951714&cpc=3BA4CE39D5B5DEF5&jrtk=3-0-1g0mv679eq06f801-1g0mv679qgsri800-c8191805f0b300db--6NYlbfkN0AXodibqW19t7IF5E6yG0Qw8pcm2tiJRszTATr_X8sJQk0MgYxQ7RHvsQOD21r6BuLHpEcn9ZzA5ZIJY9KES7sJYn1mIRzkX9A_lMRGPpMIiwoVCFxIfG_AsU88-jsEYDzB3ZxXzHvmLVzj_ay6g6ObHkl-VnUzwzY7QAtmZBogPElNcSj_d5cjEf0CQxYMq--nvAUSoSm6Ir4XwjJRZXrg0_gXxmPFo6T9UZlriNEkHA_EpCozttJE3l0KA53RVrf83hzXvymHnJr8VLS6yKljoHYQ38cuGV40bpsEKI5UHmsppt22bLTc9puwWscQl5MAZJ_-YmvuWc7iBQRR2rVMrWBnRVuj9eeSubD66c_4AlHdZORW1TDjPwZU47eOFUXNZCei2Z676RS43dqGTpqFgVKcAgSN2UsYL55SrSHvdS6ouJvFc7nEaei9P1LAtkc26Mw-gqry2Z_pYcpF7BdGqKWNfmIM6maFUMYvpUsVVg%3D%3D
Google,"Business Data Scientist, gTech Users and Products",Dublin,https://www.glassdoor.co.in/partner/jobListing.htm?pos=107&ao=1136043&s=58&guid=000001802df31cf7a6c02ec04c3d1878&src=GD_JOB_AD&t=SR&vt=w&cs=1_72499d52&cb=1650038349388&jobListingId=1007778510752&jrtk=3-0-1g0mv679eq06f801-1g0mv679qgsri800-b945d620597636d7-
BT,Data Scientist,Dublin,https://www.glassdoor.co.in/partner/jobListing.htm?pos=108&ao=1136043&s=58&guid=000001802df31cf7a6c02ec04c3d1878&src=GD_JOB_AD&t=SR&vt=w&cs=1_9fd508a3&cb=1650038349388&jobListingId=1007775522294&jrtk=3-0-1g0mv679eq06f801-1g0mv679qgsri800-dd0130a94d774738-
IBM,Data Scientist,Dublin,https://www.glassdoor.co.in/partner/jobListing.htm?pos=109&ao=1136043&s=58&guid=000001802df31cf7a6c02ec04c3d1878&src=GD_JOB_AD&t=SR&vt=w&cs=1_80bb09f2&cb=1650038349388&jobListingId=1007765151238&jrtk=3-0-1g0mv679eq06f801-1g0mv679qgsri800-cb9fd7157f34267d-
Ding,Data Scientist,Dublin,https://www.glassdoor.co.in/partner/jobListing.htm?pos=110&ao=1136043&s=58&guid=000001802df31cf7a6c02ec04c3d1878&src=GD_JOB_AD&t=SR&vt=w&ea=1&cs=1_b9e1c1fe&cb=1650038349388&jobListingId=1007769573872&jrtk=3-0-1g0mv679eq06f801-1g0mv679qgsri800-7d17d544f525755b-
Microsoft,Data Scientist II,Dublin,https://www.glassdoor.co.in/partner/jobListing.htm?pos=111&ao=1136043&s=58&guid=000001802df31cf7a6c02ec04c3d1878&src=GD_JOB_AD&t=SR&vt=w&cs=1_6d702db9&cb=1650038349388&jobListingId=1007668626745&jrtk=3-0-1g0mv679eq06f801-1g0mv679qgsri800-fce9a396f281ba45-
TikTok,Data Scientist,Dublin,https://www.glassdoor.co.in/partner/jobListing.htm?pos=112&ao=1136043&s=58&guid=000001802df31cf7a6c02ec04c3d1878&src=GD_JOB_AD&t=SR&vt=w&cs=1_4902fbb2&cb=1650038349388&jobListingId=1007739103101&jrtk=3-0-1g0mv679eq06f801-1g0mv679qgsri800-69e36b2e7cb73110-
LearnUpon,Data Scientist,Dublin,https://www.glassdoor.co.in/partner/jobListing.htm?pos=113&ao=1136043&s=58&guid=000001802df31cf7a6c02ec04c3d1878&src=GD_JOB_AD&t=SR&vt=w&ea=1&cs=1_7682a3c4&cb=1650038349388&jobListingId=1007795818315&jrtk=3-0-1g0mv679eq06f801-1g0mv679qgsri800-ce53217bfe84adce-
Citi,Innovation Data Scientist,Dublin,https://www.glassdoor.co.in/partner/jobListing.htm?pos=114&ao=1136043&s=58&guid=000001802df31cf7a6c02ec04c3d1878&src=GD_JOB_AD&t=SR&vt=w&cs=1_8c06f803&cb=1650038349388&jobListingId=1007653541307&jrtk=3-0-1g0mv679eq06f801-1g0mv679qgsri800-944538f7fb0b9e93-
2K,Data Scientist,Dublin,https://www.glassdoor.co.in/partner/jobListing.htm?pos=115&ao=1136043&s=58&guid=000001802df31cf7a6c02ec04c3d1878&src=GD_JOB_AD&t=SR&vt=w&ea=1&cs=1_ffb383eb&cb=1650038349388&jobListingId=1007742560809&jrtk=3-0-1g0mv679eq06f801-1g0mv679qgsri800-227aa1058c950aa1-
ByteDance,Data Scientist,Dublin,https://www.glassdoor.co.in/partner/jobListing.htm?pos=116&ao=1136043&s=58&guid=000001802df31cf7a6c02ec04c3d1878&src=GD_JOB_AD&t=SR&vt=w&ea=1&cs=1_1aed5ef9&cb=1650038349388&jobListingId=1007743213177&jrtk=3-0-1g0mv679eq06f801-1g0mv679qgsri800-354ee6fa90531e6f-
2K,Game Data Scientist,Dublin,https://www.glassdoor.co.in/partner/jobListing.htm?pos=117&ao=1136043&s=58&guid=000001802df31cf7a6c02ec04c3d1878&src=GD_JOB_AD&t=SR&vt=w&ea=1&cs=1_1e6b6f70&cb=1650038349388&jobListingId=1007785812043&jrtk=3-0-1g0mv679eq06f801-1g0mv679qgsri800-acb4967ce86d339c-
UBS,Data Scientist,Dublin,https://www.glassdoor.co.in/partner/jobListing.htm?pos=118&ao=1136043&s=58&guid=000001802df31cf7a6c02ec04c3d1878&src=GD_JOB_AD&t=SR&vt=w&cs=1_e94c319f&cb=1650038349389&jobListingId=1007754748260&jrtk=3-0-1g0mv679eq06f801-1g0mv679qgsri800-d77fd13c26df7c07-
Brightflag,Data Scientist,Dublin,https://www.glassdoor.co.in/partner/jobListing.htm?pos=119&ao=1136043&s=58&guid=000001802df31cf7a6c02ec04c3d1878&src=GD_JOB_AD&t=SR&vt=w&ea=1&cs=1_2128fa3b&cb=1650038349389&jobListingId=1007777128873&jrtk=3-0-1g0mv679eq06f801-1g0mv679qgsri800-87a89d319c4abfda-
Booking Holdings,Compliance Data Scientist,Dublin,https://www.glassdoor.co.in/partner/jobListing.htm?pos=120&ao=1136043&s=58&guid=000001802df31cf7a6c02ec04c3d1878&src=GD_JOB_AD&t=SR&vt=w&cs=1_95b02114&cb=1650038349389&jobListingId=1007774114794&jrtk=3-0-1g0mv679eq06f801-1g0mv679qgsri800-9ca25ca576549244-
Honeywell,Advanced Data Scientist,Dublin,https://www.glassdoor.co.in/partner/jobListing.htm?pos=121&ao=1136043&s=58&guid=000001802df31cf7a6c02ec04c3d1878&src=GD_JOB_AD&t=SR&vt=w&cs=1_14839416&cb=1650038349389&jobListingId=1007747996904&jrtk=3-0-1g0mv679eq06f801-1g0mv679qgsri800-7483dd6677093f70-
TaskUS,Data Scientist,Dublin,https://www.glassdoor.co.in/partner/jobListing.htm?pos=122&ao=1136043&s=58&guid=000001802df31cf7a6c02ec04c3d1878&src=GD_JOB_AD&t=SR&vt=w&cs=1_14153e5a&cb=1650038349389&jobListingId=1007571070351&jrtk=3-0-1g0mv679eq06f801-1g0mv679qgsri800-c583de717d48ad3d-
Alldus,Principal Data Scientist,Dublin,https://www.glassdoor.co.in/partner/jobListing.htm?pos=123&ao=1136043&s=58&guid=000001802df31cf7a6c02ec04c3d1878&src=GD_JOB_AD&t=SR&vt=w&cs=1_2692200e&cb=1650038349389&jobListingId=1007770414189&jrtk=3-0-1g0mv679eq06f801-1g0mv679qgsri800-12319baf0a70cd31-
Circle,Data Scientist,Dublin,https://www.glassdoor.co.in/partner/jobListing.htm?pos=124&ao=1136043&s=58&guid=000001802df31cf7a6c02ec04c3d1878&src=GD_JOB_AD&t=SR&vt=w&ea=1&cs=1_1ccaf44a&cb=1650038349393&jobListingId=1006985250962&jrtk=3-0-1g0mv679eq06f801-1g0mv679qgsri800-ae21f31859515ed2-
Avanade,Data & AI VelocITy Graduate Programme | Ireland October 2022,Dublin,https://www.glassdoor.co.in/partner/jobListing.htm?pos=125&ao=1136043&s=58&guid=000001802df31cf7a6c02ec04c3d1878&src=GD_JOB_AD&t=SR&vt=w&cs=1_4c12954b&cb=1650038349393&jobListingId=1007349102969&jrtk=3-0-1g0mv679eq06f801-1g0mv679qgsri800-3674767e4336d258-
Personio,GTM Data Scientist,Dublin,https://www.glassdoor.co.in/partner/jobListing.htm?pos=126&ao=1136043&s=58&guid=000001802df31cf7a6c02ec04c3d1878&src=GD_JOB_AD&t=SR&vt=w&ea=1&cs=1_e51fa598&cb=1650038349393&jobListingId=1007576789908&jrtk=3-0-1g0mv679eq06f801-1g0mv679qgsri800-5a19e8c46b80af9a-
Millennium Management LLC,Python Data Analytics,Dublin,https://www.glassdoor.co.in/partner/jobListing.htm?pos=127&ao=1136043&s=58&guid=000001802df31cf7a6c02ec04c3d1878&src=GD_JOB_AD&t=SR&vt=w&cs=1_55501389&cb=1650038349393&jobListingId=1007516039818&jrtk=3-0-1g0mv679eq06f801-1g0mv679qgsri800-42a2a061d5182d71-
PokerStars,Big Data Engineer,Dublin,https://www.glassdoor.co.in/partner/jobListing.htm?pos=128&ao=1136043&s=58&guid=000001802df31cf7a6c02ec04c3d1878&src=GD_JOB_AD&t=SR&vt=w&cs=1_ae8081a6&cb=1650038349393&jobListingId=1007783620275&jrtk=3-0-1g0mv679eq06f801-1g0mv679qgsri800-082b8478fa1b7f88-
EATON,Lead Data Scientist,Dublin,https://www.glassdoor.co.in/partner/jobListing.htm?pos=129&ao=1136043&s=58&guid=000001802df31cf7a6c02ec04c3d1878&src=GD_JOB_AD&t=SR&vt=w&cs=1_9cdab1bf&cb=1650038349393&jobListingId=1007791044878&jrtk=3-0-1g0mv679eq06f801-1g0mv679qgsri800-fc9cebcb959d2035-
Vitalograph,Clinical Data Scientist,Dublin,https://www.glassdoor.co.in/partner/jobListing.htm?pos=130&ao=1136043&s=58&guid=000001802df31cf7a6c02ec04c3d1878&src=GD_JOB_AD&t=SR&vt=w&ea=1&cs=1_c5d24648&cb=1650038349393&jobListingId=1007665825178&jrtk=3-0-1g0mv679eq06f801-1g0mv679qgsri800-6a14f5a41c4ad593-
